KEYWORD ,CORE URL,NOTES,Volume ,Keyword Difficulty ,Buyer Intent ,Word Count,Rewrite URL
Home Page ,https://doorgrow.com/,,,,,1500 words ,https://docs.google.com/document/d/12iTtc6sufYXmhFvjPTlGNKHLk81LmcsruX9qlaCuDSA/edit?usp=sharing
How to get property mangement clients,,,0,0,,,
Property management leads,https://doorgrow.com/property-management-leads/,,320,3,Yes,,
Property Management marketing,https://doorgrow.com/property-management-leads/,,390,50,Yes,,
Property Management websites,https://doorgrow.com/property-management-websites/,,1.9K,44,Yes,,
Property management coaching,https://doorgrow.com/coaching/,,40,12,Yes,,
Property management consulting,https://doorgrow.com/property-management-consulting/,,590,2,Yes,,
Property management SEO,https://doorgrow.com/property-management-seo/,,390,44,Yes,,
Property management logo design,https://doorgrow.com/property-management-logo-design/,,30,69,Yes,,
Property management hiring,https://doorgrow.com/hiring/,,27.1K,69,Yes,,
Property management operations,https://doorgrow.com/property-management-operations/,,90,42,Yes,,
Property management BDM,https://doorgrow.com/property-management-sales/,,10,27,Yes,,
Property management franchise,https://doorgrow.com/property-management-franchise-alternative/,,1.6K,24,Yes,,
property management sales,https://doorgrow.com/property-management-sales/,,20,4,Yes,,
About ,https://doorgrow.com/about/,,,,,,https://docs.google.com/document/d/1ZJeeq24z-uQMaHZBFgsg-l9GSTQs3_ho07wLzkQntmo/edit?usp=sharing
About DoorGrow,,,0,0,,,
Jason Hull DoorGrow,,,0,0,,,
DoorGrow team,,,0,0,,,
Property management growth experts,,,0,0,,,
Property management marketing experts,,,0,0,,,
Full-service property management consulting,,,0,0,,,
Property management coaching and operations,,,0,0,,,
How to grow a property management company,,,90,1,,,
Meet our property management consultants,,,0,0,,,
,,,,,,,
,,,,,,,
Services: Property management leads,https://doorgrow.com/property-management-leads/,,,,,,https://docs.google.com/document/d/11BhODoSigS1q2CrvGsfKVf5RMm_MtN2cjtOt6R0qEjI/edit?usp=sharing
How to get property management clients,,,1600,1,Yes,,
How to get clients for property management,,,1600,0,Yes,,
How to get more property management clients,,,40,1,Yes,,
How to grow property management business,,,90,2,Yes,,
Property management lead generation,,,90,2,Yes,,
Property management leads,,,320,3,Yes,,
All property management leads,,,40,3,,,
PM leads,,,30,0,,,
leads property management,,,320,0,,,
property management leads for realtors,,,10,0,,,
,,,,,,,
,,,,,,,
,,,,,,,
,,,,,,,
Services: Property Management marketing,https://doorgrow.com/property-management-marketing/,,,,,,https://docs.google.com/document/d/1OMFYjfF0qgXeRt8Mm_oUOfr61yT2119kCYIq_AcLak4/edit?usp=sharing
Marketing property management,,,390,5,,,
Marketing for property management companies,,,50,4,,,
Marketing strategies for property management,,,30,0,,,
Creative marketing ideas for property management,,,110,0,,,
Property management marketing,,,390,50,,,
Property management marketing ideas,,,110,4,,,
Property management ad,,,260,2,,,
marketing plan for property management,,,50,2,,,
,,,,,,,
Services: Property Management websites,https://doorgrow.com/property-management-websites/,,,,,,https://docs.google.com/document/d/1lqGOUDNMdbcdEqIMP-buUgp-fuDLg55gIGGOIId9wSs/edit?usp=sharing
Property management websites,,,1900,44,,,
Property management website builder,,,210,1,,,
property management websites created with Buildium,, (blog post comparing DoorGrow websites vs Buildium can link here),30,0,,,
,,,,,,,
,,,,,,,
,,,,,,,
,,,,,,,
,,,,,,,
,,,,,,,
,,,,,,,
 Services: Property management coaching,https://doorgrow.com/coaching/,,,,,,
Property management coaching,,,40,12,,,
Property management coach,,,40,1,,,
best property management coaching,,,0,0,,,
,,,,,,,
,,,,,,,
,,,,,,,
,,,,,,,
,,,,,,,
 Services: Property management consulting,https://doorgrow.com/property-management-consulting/,,,,,,
Property management consulting,,,590,2,,,
Property management consultant,,,590,5,,,
Property management consulting services,,,40,5,,,
,,,,,,,
,,,,,,,
,,,,,,,
,,,,,,,
,,,,,,,
,,,,,,,
 Services: Property management SEO,https://doorgrow.com/property-management-seo/,,,,,,
Property management SEO,,,390,44,,,
SEO for property managers,,,390,0,,,
,,,,,,,
,,,,,,,
,,,,,,,
,,,,,,,
,,,,,,,
,,,,,,,
,,,,,,,
,,,,,,,
 Services: Property management logo design,https://doorgrow.com/property-management-logo-design/,,,,,,
Property management logos,,,0,5,,,
Property management logo,,,30,69,,,
Logo for property management company,,,210,1,,,
Property management logo ideas,,,110,4,,,
,,,,,,,
,,,,,,,
,,,,,,,
,,,,,,,
,,,,,,,
 Services: Property management hiring,https://doorgrow.com/hiring/,,,,,,
Property management hiring,,,27100,69,,,
,,,,,,,
,,,,,,,
,,,,,,,
,,,,,,,
,,,,,,,
,,,,,,,
,,,,,,,
,,,,,,,
,,,,,,,
,,,,,,,
,,,,,,,
 Services: Property management operations,https://doorgrow.com/property-management-operations/,,,,,,
Property management operations,,,90,42,,,
Property management workflows,,,30,0,,,
Property management letters to owners,,,30,6,,,
Property management profit margin,,,0,0,,,
Are property management companies profitable,,,50,0,,,
,,,,,,,
,,,,,,,
,,,,,,,
,,,,,,,
,,,,,,,
,,,,,,,
,,,,,,,
 Services: Property management BDM,https://doorgrow.com/property-management-sales/,,,,,,
Property management BDM,,,10,27,,,
Property management sales,,,20,4,,,
FRBO script,,,30,0,,,
FRBO scripts,,,0,1,,,
What is FRBO,,,30,0,,,
,,,,,,,
 Services: Property management humor,https://doorgrow.com/funny-videos/,,,,,,
Property management funny,,,30,2,,,
Property management humor,,,0,0,,,
,,,,,,,
,,,,,,,
,,,,,,,
 Services: Property management franchise,https://doorgrow.com/property-management-franchise-alternative/,change to or add additional: /property-management-franchise/ (or heavily optimize Franchise Alternative page),,,,,
Property management franchise,,,1600,24,,,
Best property management franchise,,,40,3,,,
,,,,,,,
,,,,,,,
,,,,,,,
,,,,,,,
,,,,,,,
,,,,,,,
,,,,,,,
,,,,,,,
,,,,,,,
Contact Us: ,https://doorgrow.com/contact/,,,,,,https://docs.google.com/document/d/18GHnn4eQmMryjmpVuDLnR-vOOFGv5X2ylRhK5Bnf4Kw/edit?usp=sharing
Contact DoorGrow,,,0,0,,,
Schedule a call with DoorGrow,,,0,0,,,
Grow my property management business,,,0,0,,,
Property management marketing help,,,0,0,,,
Property management growth consultation,,,0,0,,,
DoorGrow coaching consultation,,,0,0,,,
Get property management leads,,,20,0,,,
Property management scaling support,,,0,0,,,
Help growing property management company,,,0,0,,,
Talk to property management experts,,,0,0,,,